{
  "generated_at": "2025-11-18T18:24:46Z",
  "horizons": [
    5,
    15,
    30,
    60,
    90,
    240,
    360
  ],
  "cost_bp": 12.0,
  "total_hits": 52830,
  "bundles": {
    "NB001": {
      "count": 50633,
      "avg_bp": -2.772645272265402,
      "median_bp": -22.967678252262644,
      "positive_pct": 0.49493413386526575
    },
    "MB003": {
      "count": 2197,
      "avg_bp": 67.04349493241476,
      "median_bp": 59.693838631500114,
      "positive_pct": 0.516613563950842
    }
  },
  "instruments": {
    "NB001": {
      "AUD_USD": {
        "count": 13672,
        "avg_bp": -17.74985619685179,
        "median_bp": -58.353808284978946,
        "positive_pct": 0.48954066705675836
      },
      "EUR_USD": {
        "count": 3677,
        "avg_bp": -53.401460309631425,
        "median_bp": -31.028409415170376,
        "positive_pct": 0.49116127277672017
      },
      "GBP_USD": {
        "count": 2336,
        "avg_bp": 57.851118841709884,
        "median_bp": 11.397017695224228,
        "positive_pct": 0.502568493150685
      },
      "NZD_USD": {
        "count": 13176,
        "avg_bp": 31.429049391271235,
        "median_bp": 4.455098049033468,
        "positive_pct": 0.5009107468123861
      },
      "USD_CAD": {
        "count": 2119,
        "avg_bp": -61.2852398074259,
        "median_bp": -19.28072283004861,
        "positive_pct": 0.4931571495988674
      },
      "USD_CHF": {
        "count": 14450,
        "avg_bp": -1.4371364371956885,
        "median_bp": -12.0,
        "positive_pct": 0.495363321799308
      },
      "USD_JPY": {
        "count": 1203,
        "avg_bp": -83.10346493179765,
        "median_bp": -57.22976721746643,
        "positive_pct": 0.485453034081463
      }
    },
    "MB003": {
      "GBP_USD": {
        "count": 555,
        "avg_bp": 85.49763449282558,
        "median_bp": 49.35157520175466,
        "positive_pct": 0.5153153153153153
      },
      "USD_CAD": {
        "count": 507,
        "avg_bp": -59.95403666907034,
        "median_bp": -4.5789598671311245,
        "positive_pct": 0.4990138067061144
      },
      "USD_JPY": {
        "count": 623,
        "avg_bp": 160.9689884888241,
        "median_bp": 135.1020888497108,
        "positive_pct": 0.5329052969502408
      },
      "EUR_USD": {
        "count": 442,
        "avg_bp": 55.12297207228667,
        "median_bp": 24.52764924511447,
        "positive_pct": 0.5135746606334841
      },
      "USD_CHF": {
        "count": 70,
        "avg_bp": 79.88620471039393,
        "median_bp": 234.4183572126155,
        "positive_pct": 0.5285714285714286
      }
    }
  }
}