{
  "observations": 26,
  "features": [
    "mr_d5_avg_roc_60m",
    "mr_d5_avg_roc_90m",
    "mr_d5_positive_share_60m",
    "mr_d5_avg_coh_tau_slope",
    "mr_d5_avg_domain_wall_slope"
  ],
  "logit": {
    "coefficients": {
      "const": -0.8138346226802419,
      "mr_d5_avg_roc_60m": -351.6116531704881,
      "mr_d5_avg_roc_90m": 403.2399966330127,
      "mr_d5_positive_share_60m": -20.633362207674224,
      "mr_d5_avg_coh_tau_slope": 1286.0483237383903,
      "mr_d5_avg_domain_wall_slope": 102.50787869173202
    },
    "p_values": {
      "const": 0.952788295071456,
      "mr_d5_avg_roc_60m": 0.4265733857879228,
      "mr_d5_avg_roc_90m": 0.21482480288513883,
      "mr_d5_positive_share_60m": 0.4469044902208483,
      "mr_d5_avg_coh_tau_slope": 0.08590515763165062,
      "mr_d5_avg_domain_wall_slope": 0.8879534144804904
    },
    "odds_ratios": {
      "const": 0.4431554698862726,
      "mr_d5_avg_roc_60m": 1.9815236274527678e-153,
      "mr_d5_avg_roc_90m": 1.3332310527271072e+175,
      "mr_d5_positive_share_60m": 1.0940688424139437e-09,
      "mr_d5_avg_coh_tau_slope": Infinity,
      "mr_d5_avg_domain_wall_slope": 3.3007001082760814e+44
    },
    "accuracy_in_sample": 0.6538461538461539,
    "rolling_accuracy": 0.5384615384615384,
    "llf": -15.299810630276129,
    "aic": 42.599621260552254,
    "bic": 50.148200488681155,
    "params_vector": [
      -0.8138346226802419,
      -351.6116531704881,
      403.2399966330127,
      -20.633362207674224,
      1286.0483237383903,
      102.50787869173202
    ]
  },
  "ridge": {
    "alpha": 0.5,
    "coefficients": {
      "const": -0.07695970335870865,
      "mr_d5_avg_roc_60m": 0.0,
      "mr_d5_avg_roc_90m": 0.0,
      "mr_d5_positive_share_60m": 0.0,
      "mr_d5_avg_coh_tau_slope": 0.0,
      "mr_d5_avg_domain_wall_slope": 0.0
    },
    "accuracy_in_sample": 0.5384615384615384,
    "rolling_accuracy": 0.3333333333333333,
    "params_vector": [
      -0.07695970335870865,
      0.0,
      0.0,
      0.0,
      0.0,
      0.0
    ]
  },
  "bayes_laplace": {
    "alpha": 0.2,
    "draws": 4000,
    "coefficients": {
      "const": {
        "mean": -0.12372575174493526,
        "std": 0.7722720773489558,
        "hpd_2.5": -1.6235844990533606,
        "hpd_97.5": 1.3991733875272827,
        "map": -0.12323263994199993
      },
      "mr_d5_avg_roc_60m": {
        "mean": -0.0019594518802046857,
        "std": 1.5710530550056352,
        "hpd_2.5": -3.1417319612201458,
        "hpd_97.5": 3.104190577886284,
        "map": 0.0
      },
      "mr_d5_avg_roc_90m": {
        "mean": 0.022517604491960816,
        "std": 1.5889338092739904,
        "hpd_2.5": -3.1174700778029374,
        "hpd_97.5": 3.17558644083299,
        "map": 0.0
      },
      "mr_d5_positive_share_60m": {
        "mean": -0.00773623079302765,
        "std": 1.401395063448421,
        "hpd_2.5": -2.789647326605814,
        "hpd_97.5": 2.761476935123643,
        "map": 0.0
      },
      "mr_d5_avg_coh_tau_slope": {
        "mean": -0.01792104335038872,
        "std": 1.560357015915095,
        "hpd_2.5": -3.0906029846458485,
        "hpd_97.5": 3.053119086324151,
        "map": 0.0
      },
      "mr_d5_avg_domain_wall_slope": {
        "mean": -0.03774022817345048,
        "std": 1.5740730829084664,
        "hpd_2.5": -3.107929294709052,
        "hpd_97.5": 3.0246937289786513,
        "map": 0.0
      }
    },
    "accuracy_in_sample": 0.5384615384615384,
    "params_vector": [
      -0.12323263994199993,
      0.0,
      0.0,
      0.0,
      0.0,
      0.0
    ]
  }
}